Age,Gender,Expertise
3.250427473555833e-08,2.887349894175634e-16,9.870063564307045e-27
3.250427473555833e-08,2.887349894175634e-16,9.870063564307045e-27
3.250427473555833e-08,2.887349894175634e-16,9.870063564307045e-27
3.250427473555833e-08,2.887349894175634e-16,9.870063564307045e-27
