Age,Gender,Expertise
1.62796904936188e-10,3.653900450609115e-53,6.687916501528231e-93
1.62796904936188e-10,3.653900450609115e-53,6.687916501528231e-93
1.62796904936188e-10,3.653900450609115e-53,6.687916501528231e-93
1.62796904936188e-10,3.653900450609115e-53,6.687916501528231e-93
1.62796904936188e-10,3.653900450609115e-53,6.687916501528231e-93
1.62796904936188e-10,3.653900450609115e-53,6.687916501528231e-93
1.62796904936188e-10,3.653900450609115e-53,6.687916501528231e-93
1.62796904936188e-10,3.653900450609115e-53,6.687916501528231e-93
1.62796904936188e-10,3.653900450609115e-53,6.687916501528231e-93
1.62796904936188e-10,3.653900450609115e-53,6.687916501528231e-93
1.62796904936188e-10,3.653900450609115e-53,6.687916501528231e-93
1.62796904936188e-10,3.653900450609115e-53,6.687916501528231e-93
